"","3/24/16
Sherman Creek North,
March 24, 2016","2016-01
Transmitter Park,
May 27, 2016","4Ah
BCS,
June 14, 2016","Baseline Spats and Site
ORS 4 tagged spat,
June 23, 2016","June 24 2016
Pier A,
June 24, 2016","Day 1 Data Collection
Tarrytown Boat Club,
July 6, 2016","2016-02
Transmitter Park,
July 9, 2016","7/12/16 - Pier 40
Pier 40,
July 11, 2016","7/17/16
Bearbower,
July 17, 2016","7/19/16 - Pier 26
Pier 26,
July 19, 2016","Day 2 Data Collection
Tarrytown Boat Club,
July 20, 2016","July 23, 2016
61st & John Finley Walk,
July 23, 2016","Yonkers Day 1 Data Collection
Science Barge,
July 31, 2016","8/2/16 - Pier 84
Pier 84,
August 2, 2016","Day 3 Data Collection
Tarrytown Boat Club,
August 4, 2016"
"Weather conditions
(1=Sunny,2=Partly Cloudy,3=Cloudy,4=Rain,
5=Fog,6=Snow,7=Hail,8=Thunderstorm)",1,1,3,3,1,2,3,1,1,1,1,1,4,1,2
Wind direction,NE,W,N,S,E,N,SE,S,N,NW,W,NW,S,E,NE
Wind speed (mph),30,9,2,3.3,7,4.6,11,10,5,7,3.7,5,1.5,16,1.3
Air temperature (C),18.3,26,11,27,25.5,32,20,82,84,12,23.77778,33.3,26.4,25,72.4
Recent Rainfall,,,,,,,,,,,,,,,
"24 hrs rainfall
(1=Yes,0=No)",0,0,1,0,1,0,1,0,0,1,0,0,1,1,0
"72 hrs rainfall
(1=Yes,0=No)",0,0,1,0,1,0,1,1,0,1,0,0,1,1,1
"7 days rainfall
(1=Yes,0=No)",0,0,1,1,1,0,1,1,0,1,0,0,1,1,1
Tide conditions,,,,,,,,,,,,,,,
Reference Point (location name),SHORELINE,,,bulkhead,,Tappan Zee Bridge,Hunters Point,The Battery,?,The Battery,Tappan Zee Bridge,,Yonkers,The Battery,Tappan Zee Bridge
"Closest High Tide (date, time)","Mar 24, 2016, 7:38pm","May 27, 2016, 6:00pm","Apr 27, 2016, 10:00am","Jun 23, 2016, 4:08pm","Jun 24, 2016, 3:55pm","Jul 6, 2016, 4:25pm","Jul 9, 2016, 6:33pm","Jul 12, 2016, 6:31pm","Jul 17, 2016, 10:54am","Jul 19, 2016, 11:44pm","Jul 20, 2016, 3:04pm","Jul 23, 2016, 3:29pm","Aug 1, 2016, 1:17am","Aug 3, 2016, 12:51am","Sep 2, 2016, 2:38am"
Closest High Tide Height (ft),30,,,4,,3.4,4,4.4,1,5,3.5,,4.7,5.55,3.6
"Closest Low Tide (date, time)","Mar 25, 2016, 2:29am","May 27, 2016, 12:00pm","Apr 27, 2016, 4:00pm","Jun 23, 2016, 10:01am","Jun 24, 2016, 9:58pm","Jul 6, 2016, 11:17am","Aug 2, 2016, 12:21am","Jul 13, 2016, 1:59am","Jul 17, 2016, 5:08pm","Jul 19, 2016, 5:48pm","Jul 20, 2016, 9:29pm","Jul 23, 2016, 9:32pm","Jul 31, 2016, 5:56pm","Aug 2, 2016, 6:43pm","Jun 16, 2016, 1:15am"
Closest Low Tide Height (ft),23,,,0,,0.2,-1,1,1,1,0.4,,0.1,-0.3,0.05
Tidal Current,Ebb current (outgoing tide),Ebb current (outgoing tide),Slack water,Flood current (incoming tide),Slack water,Flood current (incoming tide),Flood current (incoming tide),Ebb current (outgoing tide),Flood current (incoming tide),Ebb current (outgoing tide),Flood current (incoming tide),Flood current (incoming tide),Slack water,Flood current (incoming tide),Slack water
"Water color
(1=Light Blue,2=Dark Blue,3=Light Green,
4=Dark Green,5=Light Brown,6=Dark Brown)",4,4,4,4,4,3,4,4,6,4,5,4,1,4,1
Submerged depth of cage (m),10,1.2,3,3,1.165,2.286,1,1,3,1,2.286,3,3.048,1,7.8
"Bioaccumulation on cage
(1=None/clean,2=Light,3=Medium,4=Heavy)",3,2,2,3,2,2,2,3,3,2,2,3,2,2,2
Oyster Measurements (mm),,,,,,,,,,,,,,,
Substrate Shell #1,,,,,,,,,,,,,,,
Outer side photo,,http://s3-us-west-1.amazonaws.com/digital-platform-prod-files/uploads/protocols/oyster-measurements/img/outer-substrates/21b640155a8c49b080d01c67326abe29.JPG,http://s3-us-west-1.amazonaws.com/digital-platform-prod-files/uploads/protocols/oyster-measurements/img/outer-substrates/2600a0900e4f467b867a6d48cc9168ff.jpg,http://s3-us-west-1.amazonaws.com/digital-platform-prod-files/uploads/protocols/oyster-measurements/img/outer-substrates/c1b1e314609c1f17d24834c4a6d28687.jpg,http://s3-us-west-1.amazonaws.com/digital-platform-prod-files/uploads/protocols/oyster-measurements/img/outer-substrates/196c00a3e81f6fd5ca50b7812a126e71.JPG,http://s3-us-west-1.amazonaws.com/digital-platform-prod-files/uploads/protocols/oyster-measurements/img/outer-substrates/10ade740c654708164409971fda26f1f.jpg,http://s3-us-west-1.amazonaws.com/digital-platform-prod-files/uploads/protocols/oyster-measurements/img/outer-substrates/ce3ee72f5aa4ea1e41831c58c74c8be4.JPG,http://s3-us-west-1.amazonaws.com/digital-platform-prod-files/uploads/protocols/oyster-measurements/img/outer-substrates/7f3c9f486235232e1be4be012b7a4abf.jpg,http://s3-us-west-1.amazonaws.com/digital-platform-prod-files/uploads/protocols/oyster-measurements/img/outer-substrates/9725a09c4bcd723c02a7f6eadcae9c37.JPG,http://s3-us-west-1.amazonaws.com/digital-platform-prod-files/uploads/protocols/oyster-measurements/img/outer-substrates/ed6e131c112d75231325885e2e2955b1.JPG,http://s3-us-west-1.amazonaws.com/digital-platform-prod-files/uploads/protocols/oyster-measurements/img/outer-substrates/d7e5bf91b36f3dee62bb9edad5af25c7.jpg,http://s3-us-west-1.amazonaws.com/digital-platform-prod-files/uploads/protocols/oyster-measurements/img/outer-substrates/bca9e31d2b01585bafb7b6beaea5ad3f.jpg,http://s3-us-west-1.amazonaws.com/digital-platform-prod-files/uploads/protocols/oyster-measurements/img/outer-substrates/4f23e4587d97434379d6096c33963fcb.jpg,http://s3-us-west-1.amazonaws.com/digital-platform-prod-files/uploads/protocols/oyster-measurements/img/outer-substrates/f7dccef361962e6e4330346cb7731d96.jpg,http://s3-us-west-1.amazonaws.com/digital-platform-prod-files/uploads/protocols/oyster-measurements/img/outer-substrates/fa1094965cbe735cdf6513b6f6149b39.jpg
Inner side photo,,http://s3-us-west-1.amazonaws.com/digital-platform-prod-files/uploads/protocols/oyster-measurements/img/inner-substrates639720361d116ab6baa84c98542da601.JPG,http://s3-us-west-1.amazonaws.com/digital-platform-prod-files/uploads/protocols/oyster-measurements/img/inner-substrates7de96ffad08e5d9bece3031b3eac5426.jpg,https://s3-us-west-1.amazonaws.com/digital-platform-prod-files/uploads/protocols/oyster-measurements/img/innerSidePhoto1b.jpeg,http://s3-us-west-1.amazonaws.com/digital-platform-prod-files/uploads/protocols/oyster-measurements/img/inner-substratesae8fed5fa533c2e66b36bf47bf779596.JPG,http://s3-us-west-1.amazonaws.com/digital-platform-prod-files/uploads/protocols/oyster-measurements/img/inner-substratesc0484dfb208379607f1bb2892cf42784.jpg,http://s3-us-west-1.amazonaws.com/digital-platform-prod-files/uploads/protocols/oyster-measurements/img/inner-substratesa5467c333b63f1993dc192a49be13fdf.JPG,https://s3-us-west-1.amazonaws.com/digital-platform-prod-files/uploads/protocols/oyster-measurements/img/innerSidePhoto1i.jpeg,https://s3-us-west-1.amazonaws.com/digital-platform-prod-files/uploads/protocols/oyster-measurements/img/innerSidePhoto1m.jpeg,http://s3-us-west-1.amazonaws.com/digital-platform-prod-files/uploads/protocols/oyster-measurements/img/inner-substratesb60769e452705341e23d7fb4eef7aa42.JPG,http://s3-us-west-1.amazonaws.com/digital-platform-prod-files/uploads/protocols/oyster-measurements/img/inner-substrates52e9f9babb0f230ff0f01f3ed9234393.jpg,http://s3-us-west-1.amazonaws.com/digital-platform-prod-files/uploads/protocols/oyster-measurements/img/inner-substrates22651e641b1808b29673acbfcf4f4280.jpg,http://s3-us-west-1.amazonaws.com/digital-platform-prod-files/uploads/protocols/oyster-measurements/img/inner-substrates108b8212ba9fca31c5671b93944912dd.jpg,http://s3-us-west-1.amazonaws.com/digital-platform-prod-files/uploads/protocols/oyster-measurements/img/inner-substratesc648fefc5ecf971550ff6f8c23902e8d.jpg,http://s3-us-west-1.amazonaws.com/digital-platform-prod-files/uploads/protocols/oyster-measurements/img/inner-substrates3b9e177a86f627a0320c43887993e868.jpg
Set date,11/8/16,7/6/16,6/13/16,,8/13/16,7/14/15,7/6/16,9/21/16,6/3/17,7/13/15,7/14/15,7/24/16,7/15/15,7/15/15,7/14/15
Source,sand,"Muscongus Bay, Maine",?,,"Muscongus Bay, Maine","Muscongus Bay, Maine","Muscongus Bay, Maine","Muscongus Bay, Maine","Muscongus Bay, Maine","Muscongus Bay, Maine","Muscongus Bay, Maine",oyster garden,"Muscongus Bay, Maine","Muscongus Bay, Maine","Muscongus Bay, Maine"
Total number of live oysters at baseline,7,,,,4,3,,3,8,2,3,,,,3
Total mass of live oysters at baseline (g),6,,,,,,,,0,,,,,,
Total number of live oysters on shell,10,8,13,9,4,3,7,8,12,2,3,5,9,2,4
Total mass of scrubbed substrate shell + oysters + tag (g),15,,,,,,,,,1,,,0,,0
Measurements (mm),"10,7,8,10.5,8,9,10,10,10,10","10,20,18,27,23,20,19,30","23,17,26,20,22,24,31,25,7,7,9,11,22","20,21,12,15,13,11,12,41,21","35,23,29,25","22,41,25","3.5,4.5,3,3.5,3.5,3,4","28,39,34,34,28,33,27,24","10,10,10,10,10,20,20,30,30,30,40,40","43,44","43,22,31","30,27,19,25,28","21,22,27,25,29,34,20,22,21","28,39","34,37,50,36"
Minimum size of live oysters (mm),7,10,7,11,23,22,3,24,10,43,22,19,20,28,34
Maximum size of live oysters (mm),10.5,30,31,41,35,41,4.5,39,40,44,43,30,34,39,50
Average size of live oysters (mm),9.25,20.875,18.76923076923077,18.444444444444443,28,29.333333333333332,3.57142857142857,30.875,21.6666666666667,43.5,32,25.8,24.555555555555557,33.5,39.25
Substrate Shell #2,,,,,,,,,,,,,,,
Outer side photo,,http://s3-us-west-1.amazonaws.com/digital-platform-prod-files/uploads/protocols/oyster-measurements/img/outer-substrates/8cf2f8485f47250ea416999412678ab3.JPG,http://s3-us-west-1.amazonaws.com/digital-platform-prod-files/uploads/protocols/oyster-measurements/img/outer-substrates/df73ca6b6598094888a80db1b6ab3a37.jpg,,http://s3-us-west-1.amazonaws.com/digital-platform-prod-files/uploads/protocols/oyster-measurements/img/outer-substrates/1dc8d9c9b88f73deb69dcca59ae81b8b.JPG,http://s3-us-west-1.amazonaws.com/digital-platform-prod-files/uploads/protocols/oyster-measurements/img/outer-substrates/2ad9c1238c0312c227b70cae040f1174.jpg,https://s3-us-west-1.amazonaws.com/digital-platform-prod-files/uploads/protocols/oyster-measurements/img/outer-substrates/outerSidePhoto1q.jpeg,http://s3-us-west-1.amazonaws.com/digital-platform-prod-files/uploads/protocols/oyster-measurements/img/outer-substrates/b8986fd8c69731c303f8ba060c8dd619.jpg,http://s3-us-west-1.amazonaws.com/digital-platform-prod-files/uploads/protocols/oyster-measurements/img/outer-substrates/58a6a3733a8aa92fbcf7d956a3eed65c.JPG,http://s3-us-west-1.amazonaws.com/digital-platform-prod-files/uploads/protocols/oyster-measurements/img/outer-substrates/96f0868a0ed0173b8818291861d9e162.JPG,https://s3-us-west-1.amazonaws.com/digital-platform-prod-files/uploads/protocols/oyster-measurements/img/outer-substrates/outerSidePhoto1e.jpeg,http://s3-us-west-1.amazonaws.com/digital-platform-prod-files/uploads/protocols/oyster-measurements/img/outer-substrates/0818149921361d165741677f71d66caa.jpg,http://s3-us-west-1.amazonaws.com/digital-platform-prod-files/uploads/protocols/oyster-measurements/img/outer-substrates/e27b27955bf9ee834e4dc1a5f1ee1c68.jpg,http://s3-us-west-1.amazonaws.com/digital-platform-prod-files/uploads/protocols/oyster-measurements/img/outer-substrates/50e86cb95bd52ac945ec46076bbefa9a.jpg,http://s3-us-west-1.amazonaws.com/digital-platform-prod-files/uploads/protocols/oyster-measurements/img/outer-substrates/ad3b7a5b4272e68e1675108dc5a53772.jpg
Inner side photo,,http://s3-us-west-1.amazonaws.com/digital-platform-prod-files/uploads/protocols/oyster-measurements/img/inner-substratesde99b35a5ee48bb6624936fdda50b344.JPG,http://s3-us-west-1.amazonaws.com/digital-platform-prod-files/uploads/protocols/oyster-measurements/img/inner-substrates9a2ab352f18343242e44186eff51ef06.jpg,,http://s3-us-west-1.amazonaws.com/digital-platform-prod-files/uploads/protocols/oyster-measurements/img/inner-substratesf91556c386812a61e8250d78683bacd2.JPG,http://s3-us-west-1.amazonaws.com/digital-platform-prod-files/uploads/protocols/oyster-measurements/img/inner-substrates26e78760fa117d3703584c7456dc82af.jpg,https://s3-us-west-1.amazonaws.com/digital-platform-prod-files/uploads/protocols/oyster-measurements/img/innerSidePhoto1q.jpeg,http://s3-us-west-1.amazonaws.com/digital-platform-prod-files/uploads/protocols/oyster-measurements/img/inner-substrates2700250dc0422cafe22d1324c393453d.jpg,http://s3-us-west-1.amazonaws.com/digital-platform-prod-files/uploads/protocols/oyster-measurements/img/inner-substrates9b83a3cd260d09fceae4515e51957acd.JPG,http://s3-us-west-1.amazonaws.com/digital-platform-prod-files/uploads/protocols/oyster-measurements/img/inner-substrates3d8eeea9fee8cb304aac4d2dc0ca7756.JPG,https://s3-us-west-1.amazonaws.com/digital-platform-prod-files/uploads/protocols/oyster-measurements/img/innerSidePhoto1e.jpeg,http://s3-us-west-1.amazonaws.com/digital-platform-prod-files/uploads/protocols/oyster-measurements/img/inner-substrates3aa5bce81f881151576d2a9dd3086551.jpg,http://s3-us-west-1.amazonaws.com/digital-platform-prod-files/uploads/protocols/oyster-measurements/img/inner-substratesef24fed4ca666e9c5dedc0fffee9522e.jpg,http://s3-us-west-1.amazonaws.com/digital-platform-prod-files/uploads/protocols/oyster-measurements/img/inner-substratesa5ec1fd83c6378c0605e8028718f331d.jpg,http://s3-us-west-1.amazonaws.com/digital-platform-prod-files/uploads/protocols/oyster-measurements/img/inner-substrates0ea86871d898bf3ba8fd61cb1b9dee87.jpg
Set date,11/10/16,7/6/16,4/27/16,,8/13/16,7/14/15,7/6/16,9/21/16,6/3/17,7/11/15,7/14/15,7/23/16,7/15/15,7/15/15,7/14/15
Source,"Bronx River, New York","Muscongus Bay, Maine",?,,"Muscongus Bay, Maine","Muscongus Bay, Maine","Muscongus Bay, Maine","Muscongus Bay, Maine","Muscongus Bay, Maine","Muscongus Bay, Maine","Muscongus Bay, Maine",oyster garden,"Muscongus Bay, Maine","Muscongus Bay, Maine","Muscongus Bay, Maine"
Total number of live oysters at baseline,,,,,5,3,,3,12,,3,,,,3
Total mass of live oysters at baseline (g),,,,,,,,,0,,,,,,
Total number of live oysters on shell,8,10,6,9,5,3,11,2,24,12,3,3,4,2,3
Total mass of scrubbed substrate shell + oysters + tag (g),15,,,,,,,,,,,,0,,0
Measurements (mm),"10,7,10,8,8.5,9,9,11","15,23,10,13,25,19,30,20,35,25","24,25,20,34,22,15","13,15,18,21,25,13,23,17,14","27,31,26,25,20","21,23,29","40,35,45,35,45,30,20,35,30,25,30","45,33","10,10,10,20,20,20,20,20,20,30,30,30,30,30,30,30,30,30,30,40,40,40,40,40","43,45,24,40,28,32,21,24,29,40,45,51","35,25,25","15,21,27","20,25,25,23","29,30","29,31,35"
Minimum size of live oysters (mm),7,10,15,13,20,21,20,33,10,21,25,15,20,29,29
Maximum size of live oysters (mm),11,35,34,25,31,29,45,45,40,51,35,27,25,30,35
Average size of live oysters (mm),9.0625,21.5,23.333333333333332,17.666666666666668,25.8,24.333333333333332,33.6363636363636,39,27.0833333333333,35.1666666666667,28.3333333333333,21,23.25,29.5,31.666666666666668
Substrate Shell #3,,,,,,,,,,,,,,,
Outer side photo,,http://s3-us-west-1.amazonaws.com/digital-platform-prod-files/uploads/protocols/oyster-measurements/img/outer-substrates/1bc4b1ad3543adfc77b17207fcb21c32.JPG,,,http://s3-us-west-1.amazonaws.com/digital-platform-prod-files/uploads/protocols/oyster-measurements/img/outer-substrates/586d210df85e91b6179a36e002d00164.JPG,http://s3-us-west-1.amazonaws.com/digital-platform-prod-files/uploads/protocols/oyster-measurements/img/outer-substrates/983d36e00fad5ab2ed2e3e8f912a63ed.jpg,http://s3-us-west-1.amazonaws.com/digital-platform-prod-files/uploads/protocols/oyster-measurements/img/outer-substrates/590922141530ab8d85bf6779ad7d634f.JPG,http://s3-us-west-1.amazonaws.com/digital-platform-prod-files/uploads/protocols/oyster-measurements/img/outer-substrates/d8b09b867502aed64f0a7ba4ef24af8c.jpg,http://s3-us-west-1.amazonaws.com/digital-platform-prod-files/uploads/protocols/oyster-measurements/img/outer-substrates/cf91752ae79398d295253c0f83706caa.JPG,http://s3-us-west-1.amazonaws.com/digital-platform-prod-files/uploads/protocols/oyster-measurements/img/outer-substrates/3ba29810eecf2b656a4e8f21462c78b6.JPG,http://s3-us-west-1.amazonaws.com/digital-platform-prod-files/uploads/protocols/oyster-measurements/img/outer-substrates/59ea98a670d28a21eeb00071206c1ab1.jpg,http://s3-us-west-1.amazonaws.com/digital-platform-prod-files/uploads/protocols/oyster-measurements/img/outer-substrates/ae8b12d6ab9014081c73463171e28975.jpg,https://s3-us-west-1.amazonaws.com/digital-platform-prod-files/uploads/protocols/oyster-measurements/img/outer-substrates/outerSidePhoto1r.jpeg,https://s3-us-west-1.amazonaws.com/digital-platform-prod-files/uploads/protocols/oyster-measurements/img/outer-substrates/outerSidePhoto1o.jpeg,http://s3-us-west-1.amazonaws.com/digital-platform-prod-files/uploads/protocols/oyster-measurements/img/outer-substrates/55df9e6becfd7db7268db1d496b94cde.jpg
Inner side photo,,http://s3-us-west-1.amazonaws.com/digital-platform-prod-files/uploads/protocols/oyster-measurements/img/inner-substratesd67654283fb64ee014fc1c629f4d1ab1.JPG,,,http://s3-us-west-1.amazonaws.com/digital-platform-prod-files/uploads/protocols/oyster-measurements/img/inner-substrates76760f6ebc1509d13d4c4238d3169ee4.JPG,http://s3-us-west-1.amazonaws.com/digital-platform-prod-files/uploads/protocols/oyster-measurements/img/inner-substrates7a11281440f130b88d27adfe234d22fe.jpg,http://s3-us-west-1.amazonaws.com/digital-platform-prod-files/uploads/protocols/oyster-measurements/img/inner-substrates45c3935a80ca0ef0ad7b4cdaf67e2e92.JPG,http://s3-us-west-1.amazonaws.com/digital-platform-prod-files/uploads/protocols/oyster-measurements/img/inner-substratesc5cc1b02ec263e6d00050a9ec1633da1.jpg,https://s3-us-west-1.amazonaws.com/digital-platform-prod-files/uploads/protocols/oyster-measurements/img/innerSidePhoto1n.jpeg,http://s3-us-west-1.amazonaws.com/digital-platform-prod-files/uploads/protocols/oyster-measurements/img/inner-substrates8aec0e2bf1a72aae0deef85ea191adce.JPG,http://s3-us-west-1.amazonaws.com/digital-platform-prod-files/uploads/protocols/oyster-measurements/img/inner-substrates9276999c77abe7a57faebb6288ed200a.jpg,http://s3-us-west-1.amazonaws.com/digital-platform-prod-files/uploads/protocols/oyster-measurements/img/inner-substrates4ffd47f8ba846aeb34f7e2aea62e01e3.jpg,https://s3-us-west-1.amazonaws.com/digital-platform-prod-files/uploads/protocols/oyster-measurements/img/innerSidePhoto1r.jpeg,https://s3-us-west-1.amazonaws.com/digital-platform-prod-files/uploads/protocols/oyster-measurements/img/innerSidePhoto1o.jpeg,http://s3-us-west-1.amazonaws.com/digital-platform-prod-files/uploads/protocols/oyster-measurements/img/inner-substratesc0b2071b9073efe16d83115d9a68926f.jpg
Set date,11/10/16,7/6/16,6/13/16,,8/13/16,7/14/15,7/6/16,9/21/16,6/3/17,7/11/15,7/14/15,7/23/16,7/15/15,7/15/15,7/14/15
Source,"Bronx River, New York","Muscongus Bay, Maine",,,"Muscongus Bay, Maine","Muscongus Bay, Maine","Muscongus Bay, Maine","Muscongus Bay, Maine","Muscongus Bay, Maine","Muscongus Bay, Maine","Muscongus Bay, Maine",oyster garden,"Muscongus Bay, Maine","Muscongus Bay, Maine","Muscongus Bay, Maine"
Total number of live oysters at baseline,,10,,,3,6,10,2,9,,6,,,,6
Total mass of live oysters at baseline (g),,,,,,,,,0,,,,,,
Total number of live oysters on shell,10,8,0,6,3,6,10,11,9,4,6,8,4,8,4
Total mass of scrubbed substrate shell + oysters + tag (g),20,,,,,,0,,,,,,,,0
Measurements (mm),"8,13,9,8,12,8,10,10,11,9","30,16,30,28,30,24,35,25",,"27,29,23,19,14,19","25,22,30","46,41,35,34,45,39","30,20,20,25,35,40,40,40,35,35","45,42,33,50,23,41,29,54,28,63,30","10,20,50,30,30,50,60,30,20","20,25,45,40","19,19,32,35,34,31","13,25,26,31,15,20,20,25","32,20,41,31","48,32,16,25,29,19,22,23","35,27,36,35"
Minimum size of live oysters (mm),8,16,,14,22,34,20,23,10,20,19,13,20,16,27
Maximum size of live oysters (mm),13,35,,29,30,46,40,63,60,45,35,31,41,48,36
Average size of live oysters (mm),9.8,27.25,,21.833333333333332,25.6666666666667,40,32,39.8181818181818,33.3333333333333,32.5,28.3333333333333,21.875,31,26.75,33.25
Substrate Shell #4,,,,,,,,,,,,,,,
Outer side photo,,http://s3-us-west-1.amazonaws.com/digital-platform-prod-files/uploads/protocols/oyster-measurements/img/outer-substrates/650a04b631d2e53f535a929424f0b156.JPG,,,http://s3-us-west-1.amazonaws.com/digital-platform-prod-files/uploads/protocols/oyster-measurements/img/outer-substrates/8448160083d3eac48b5e405b57863c88.JPG,http://s3-us-west-1.amazonaws.com/digital-platform-prod-files/uploads/protocols/oyster-measurements/img/outer-substrates/a0ea19d3aee9f7aaba76a74fa221d70e.jpg,http://s3-us-west-1.amazonaws.com/digital-platform-prod-files/uploads/protocols/oyster-measurements/img/outer-substrates/6817dc7a1d31191f2bf6dab48cf463ce.JPG,http://s3-us-west-1.amazonaws.com/digital-platform-prod-files/uploads/protocols/oyster-measurements/img/outer-substrates/17a0897b4f0eb3acd302485dfa3a4cef.jpg,,http://s3-us-west-1.amazonaws.com/digital-platform-prod-files/uploads/protocols/oyster-measurements/img/outer-substrates/c5f553b8926e1081cd3e0b8cb0663662.JPG,http://s3-us-west-1.amazonaws.com/digital-platform-prod-files/uploads/protocols/oyster-measurements/img/outer-substrates/060c338ad20f06b35523e9c893baa82b.jpg,http://s3-us-west-1.amazonaws.com/digital-platform-prod-files/uploads/protocols/oyster-measurements/img/outer-substrates/89ed79e607f65cd7e95718ee937e4d21.jpg,https://s3-us-west-1.amazonaws.com/digital-platform-prod-files/uploads/protocols/oyster-measurements/img/outer-substrates/outerSidePhoto2r.jpeg,https://s3-us-west-1.amazonaws.com/digital-platform-prod-files/uploads/protocols/oyster-measurements/img/outer-substrates/outerSidePhoto1p.jpeg,http://s3-us-west-1.amazonaws.com/digital-platform-prod-files/uploads/protocols/oyster-measurements/img/outer-substrates/d9cb2736caa6f8f46662a256c97b2d95.jpg
Inner side photo,,https://s3-us-west-1.amazonaws.com/digital-platform-prod-files/uploads/protocols/oyster-measurements/img/innerSidePhoto1h.jpeg,,,http://s3-us-west-1.amazonaws.com/digital-platform-prod-files/uploads/protocols/oyster-measurements/img/inner-substrates707aa5c32c354807d918de68635a783c.JPG,http://s3-us-west-1.amazonaws.com/digital-platform-prod-files/uploads/protocols/oyster-measurements/img/inner-substrates6ba05dcef6e9e5bf7b2c024fcf8f549e.jpg,http://s3-us-west-1.amazonaws.com/digital-platform-prod-files/uploads/protocols/oyster-measurements/img/inner-substratesa3b2f27709e137a87116bf521becc4c9.JPG,https://s3-us-west-1.amazonaws.com/digital-platform-prod-files/uploads/protocols/oyster-measurements/img/innerSidePhoto1j.jpeg,,http://s3-us-west-1.amazonaws.com/digital-platform-prod-files/uploads/protocols/oyster-measurements/img/inner-substratesea323b6754da031ec7979a5af6fddfe1.JPG,http://s3-us-west-1.amazonaws.com/digital-platform-prod-files/uploads/protocols/oyster-measurements/img/inner-substrates5102149c63c3aca5c5f662452f443efd.jpg,http://s3-us-west-1.amazonaws.com/digital-platform-prod-files/uploads/protocols/oyster-measurements/img/inner-substrates3c79e6480f7e33bdfca6e305012ca755.jpg,https://s3-us-west-1.amazonaws.com/digital-platform-prod-files/uploads/protocols/oyster-measurements/img/innerSidePhoto2r.jpeg,https://s3-us-west-1.amazonaws.com/digital-platform-prod-files/uploads/protocols/oyster-measurements/img/innerSidePhoto1p.jpeg,http://s3-us-west-1.amazonaws.com/digital-platform-prod-files/uploads/protocols/oyster-measurements/img/inner-substratesa8cbc1737655c8f92b12e78ee8a71281.jpg
Set date,,7/6/16,6/13/16,,8/13/16,7/14/15,7/6/16,9/21/16,6/4/17,7/11/15,7/14/15,7/23/16,7/15/15,7/15/15,7/14/15
Source,,"Muscongus Bay, Maine",,,"Muscongus Bay, Maine","Muscongus Bay, Maine","Muscongus Bay, Maine","Muscongus Bay, Maine","Muscongus Bay, Maine","Muscongus Bay, Maine","Muscongus Bay, Maine",oyster garden,"Muscongus Bay, Maine","Muscongus Bay, Maine","Muscongus Bay, Maine"
Total number of live oysters at baseline,,5,,,3,3,5,5,12,,3,,,,3
Total mass of live oysters at baseline (g),,,,,,,,,0,,,,,,
Total number of live oysters on shell,6,9,0,7,3,3,5,6,8,11,3,10,16,6,3
Total mass of scrubbed substrate shell + oysters + tag (g),20,,,,,,0,,23,,,,,,0
Measurements (mm),"11,8,10,9,9,11","25,15,15,20,23,21,32,26,20",,"35,22,34,36,25,26,38","22,10,20","27,22,19","30,45,45,40,35","21,43,38,30,28,37","20,20,20,30,2,2,2,4","19,30,23,20,36,33,38,35,42,32,34","29,35,27","29,35,32,35,32,40,26,36,30,23","40,37,27,32,26,40,33,18,32,24,31,20,18,18,35,40","6,8,23,35,20,5","29,40,32"
Minimum size of live oysters (mm),8,15,,22,10,19,30,21,2,19,27,23,18,5,29
Maximum size of live oysters (mm),11,32,,38,22,27,45,43,30,42,35,40,40,35,40
Average size of live oysters (mm),9.666666666666666,21.8888888888889,,30.857142857142858,17.3333333333333,22.666666666666668,39,32.8333333333333,12.5,31.0909090909091,30.3333333333333,31.8,29.4375,16.1666666666667,33.666666666666664
Substrate Shell #5,,,,,,,,,,,,,,,
Outer side photo,,http://s3-us-west-1.amazonaws.com/digital-platform-prod-files/uploads/protocols/oyster-measurements/img/outer-substrates/fc80634e234ccd96b11ac3715cf048a8.JPG,http://s3-us-west-1.amazonaws.com/digital-platform-prod-files/uploads/protocols/oyster-measurements/img/outer-substrates/c2748af06ad94b3aeff4f4b70060852a.jpg,,http://s3-us-west-1.amazonaws.com/digital-platform-prod-files/uploads/protocols/oyster-measurements/img/outer-substrates/dc422a1a7aa1f540778b82bec34e4da0.JPG,,http://s3-us-west-1.amazonaws.com/digital-platform-prod-files/uploads/protocols/oyster-measurements/img/outer-substrates/c69ed0601d5853f13594d6e3bc0f4cad.JPG,http://s3-us-west-1.amazonaws.com/digital-platform-prod-files/uploads/protocols/oyster-measurements/img/outer-substrates/77c35204b9081f504a1f899796ebb452.jpg,,http://s3-us-west-1.amazonaws.com/digital-platform-prod-files/uploads/protocols/oyster-measurements/img/outer-substrates/f530d127f3394fb14e3994996230e053.JPG,,http://s3-us-west-1.amazonaws.com/digital-platform-prod-files/uploads/protocols/oyster-measurements/img/outer-substrates/5e80818e1cc57aa70b6d5c2afd800bc6.jpg,https://s3-us-west-1.amazonaws.com/digital-platform-prod-files/uploads/protocols/oyster-measurements/img/outer-substrates/outerSidePhoto3r.jpeg,,
Inner side photo,,http://s3-us-west-1.amazonaws.com/digital-platform-prod-files/uploads/protocols/oyster-measurements/img/inner-substrates3e9646f9c3b24da8def1cb6fad1776cd.JPG,http://s3-us-west-1.amazonaws.com/digital-platform-prod-files/uploads/protocols/oyster-measurements/img/inner-substrates73e33ecd9bfe1cb109853e9dac8bd896.jpg,,http://s3-us-west-1.amazonaws.com/digital-platform-prod-files/uploads/protocols/oyster-measurements/img/inner-substrates2faeae9c214309e2d3e25c2dab3feb23.JPG,,http://s3-us-west-1.amazonaws.com/digital-platform-prod-files/uploads/protocols/oyster-measurements/img/inner-substrates8abbdae1891b0d35f27a3bb0d87146a0.JPG,http://s3-us-west-1.amazonaws.com/digital-platform-prod-files/uploads/protocols/oyster-measurements/img/inner-substratesf9cc952e65d92a1872c23a6d809226b0.jpg,,http://s3-us-west-1.amazonaws.com/digital-platform-prod-files/uploads/protocols/oyster-measurements/img/inner-substrates8fb4cb359c31b98dbdb604addef2d9cb.JPG,,http://s3-us-west-1.amazonaws.com/digital-platform-prod-files/uploads/protocols/oyster-measurements/img/inner-substrates6e08b36f2f497c57896200139f37af84.jpg,https://s3-us-west-1.amazonaws.com/digital-platform-prod-files/uploads/protocols/oyster-measurements/img/innerSidePhoto3r.jpeg,,
Set date,,7/6/16,6/13/16,2/7/17,8/13/16,7/20/16,7/6/16,9/21/16,6/3/17,7/12/15,7/20/16,7/24/16,7/15/15,8/2/16,7/20/16
Source,,"Muscongus Bay, Maine",?,"Muscongus Bay, Maine","Muscongus Bay, Maine","Muscongus Bay, Maine","Muscongus Bay, Maine","Muscongus Bay, Maine","Muscongus Bay, Maine","Muscongus Bay, Maine","Muscongus Bay, Maine",oyster garden,"Muscongus Bay, Maine",,"Muscongus Bay, Maine"
Total number of live oysters at baseline,,7,,,5,,7,8,19,13,,,,,
Total mass of live oysters at baseline (g),,,,,,,,,0,,,,,,
Total number of live oysters on shell,9,9,17,9,5,0,7,8,0,13,,7,12,,0
Total mass of scrubbed substrate shell + oysters + tag (g),20,,,,,,0,,,1,,,,,0
Measurements (mm),"11,14,9,9,12,7,12,8,11","21,19,14,20,19,15,18,15,30","28,11,13,12,14,32,26,23,38,20,17,14,21,15,15,16,14","23,19,20,17,11,21,27,28,20","29,26,31,10,18",,"45,35,30,35,25,35,40","34,25,29,33,15,12,46,19",,"35,25,30,30,43,38,40,30,40,50,20,25,32",,"30,25,10,25,32,35,29","37,27,37,28,13,19,26,22,22,35,26,34",,
Minimum size of live oysters (mm),7,14,11,11,10,,25,12,0,20,,10,13,,
Maximum size of live oysters (mm),14,30,38,28,31,,45,46,0,50,,35,37,,
Average size of live oysters (mm),10.333333333333334,19,19.352941176470587,20.666666666666668,22.8,,35,26.625,0,33.69230769230769,,26.571428571428573,27.1666666666667,,
Substrate Shell #6,,,,,,,,,,,,,,,
Outer side photo,,http://s3-us-west-1.amazonaws.com/digital-platform-prod-files/uploads/protocols/oyster-measurements/img/outer-substrates/cfa5c6982e57b277dc89157ba027b66e.JPG,,,http://s3-us-west-1.amazonaws.com/digital-platform-prod-files/uploads/protocols/oyster-measurements/img/outer-substrates/94ff2f4b590cb7f90258148c96833b60.JPG,http://s3-us-west-1.amazonaws.com/digital-platform-prod-files/uploads/protocols/oyster-measurements/img/outer-substrates/aacdbf7991d53c7bf7c59a373b41d569.jpg,http://s3-us-west-1.amazonaws.com/digital-platform-prod-files/uploads/protocols/oyster-measurements/img/outer-substrates/535c4724c9704dd9a217bae00e52ea87.JPG,http://s3-us-west-1.amazonaws.com/digital-platform-prod-files/uploads/protocols/oyster-measurements/img/outer-substrates/1a4db408ddfdca5b9133ef31058e500d.jpg,,http://s3-us-west-1.amazonaws.com/digital-platform-prod-files/uploads/protocols/oyster-measurements/img/outer-substrates/84af8854098180543f34981d98c8ef0a.JPG,http://s3-us-west-1.amazonaws.com/digital-platform-prod-files/uploads/protocols/oyster-measurements/img/outer-substrates/4aca3204ba30be31e8344c73f31344dc.jpg,http://s3-us-west-1.amazonaws.com/digital-platform-prod-files/uploads/protocols/oyster-measurements/img/outer-substrates/757ad58e87a9a969fd9a7d2d21c20603.jpg,https://s3-us-west-1.amazonaws.com/digital-platform-prod-files/uploads/protocols/oyster-measurements/img/outer-substrates/outerSidePhoto4r.jpeg,http://s3-us-west-1.amazonaws.com/digital-platform-prod-files/uploads/protocols/oyster-measurements/img/outer-substrates/5ea7d848f1d567a2b7f36e46e9cfb5cc.jpg,http://s3-us-west-1.amazonaws.com/digital-platform-prod-files/uploads/protocols/oyster-measurements/img/outer-substrates/6cf2c0ff3981a15e33193ac106d78f05.jpg
Inner side photo,,http://s3-us-west-1.amazonaws.com/digital-platform-prod-files/uploads/protocols/oyster-measurements/img/inner-substratesa16e9edde87adf6e0447edbb764254a0.JPG,,,http://s3-us-west-1.amazonaws.com/digital-platform-prod-files/uploads/protocols/oyster-measurements/img/inner-substrates31472d00fa4392a961681990b759e521.JPG,http://s3-us-west-1.amazonaws.com/digital-platform-prod-files/uploads/protocols/oyster-measurements/img/inner-substrates21c15d74b042a6e74a87777fc556d15d.jpg,http://s3-us-west-1.amazonaws.com/digital-platform-prod-files/uploads/protocols/oyster-measurements/img/inner-substratesc19762ff093987e1e5947b027c9ef30e.JPG,https://s3-us-west-1.amazonaws.com/digital-platform-prod-files/uploads/protocols/oyster-measurements/img/innerSidePhoto1k.jpeg,,http://s3-us-west-1.amazonaws.com/digital-platform-prod-files/uploads/protocols/oyster-measurements/img/inner-substrates4d453bbaa91c6f455b3bc9f3eba12a8e.JPG,http://s3-us-west-1.amazonaws.com/digital-platform-prod-files/uploads/protocols/oyster-measurements/img/inner-substrates55a0acaa0dae675bf2dfa51ff6460977.jpg,http://s3-us-west-1.amazonaws.com/digital-platform-prod-files/uploads/protocols/oyster-measurements/img/inner-substrates936ed58c68febd54eda0ecc95a9456e9.jpg,https://s3-us-west-1.amazonaws.com/digital-platform-prod-files/uploads/protocols/oyster-measurements/img/innerSidePhoto4r.jpeg,http://s3-us-west-1.amazonaws.com/digital-platform-prod-files/uploads/protocols/oyster-measurements/img/inner-substratesd05cff5eb5b3c85471f56687716ec23a.jpg,http://s3-us-west-1.amazonaws.com/digital-platform-prod-files/uploads/protocols/oyster-measurements/img/inner-substratesf8714500fb9e6ad09fb89e1ecbace003.jpg
Set date,,7/6/16,6/13/16,,8/13/16,7/14/15,7/6/16,9/21/16,,7/13/15,7/14/15,7/23/16,7/15/15,7/15/15,7/14/15
Source,,"Muscongus Bay, Maine",,,"Muscongus Bay, Maine","Muscongus Bay, Maine","Muscongus Bay, Maine","Muscongus Bay, Maine",,"Muscongus Bay, Maine","Muscongus Bay, Maine",oyster garden,"Muscongus Bay, Maine","Muscongus Bay, Maine","Muscongus Bay, Maine"
Total number of live oysters at baseline,,6,,,10,5,6,9,,12,5,,,,5
Total mass of live oysters at baseline (g),,,,,,,,,,,,,,,
Total number of live oysters on shell,8,10,0,3,10,5,6,1,0,12,5,16,11,5,5
Total mass of scrubbed substrate shell + oysters + tag (g),20,,,,,,0,,,1,,,,,0
Measurements (mm),"11,10,11,12,9,10,9,8","15,21,19,15,25,18,12,16,13,14",,"32,32,26","56,20,22,26,12,15,19,10,28,7","28,27,31,26,32","20,30,35,35,30,20",32,,"35,32,21,20,30,40,25,28,23,14,20,11","41,36,29,31,32","32,26,25,23,34,41,26,31,31,44,34,30,18,31,12,21","20,11,12,22,20,22,19,23,21,23,16","26,45,23,15,32","51,35,42,37,36"
Minimum size of live oysters (mm),8,12,,26,7,26,20,32,,11,29,12,11,15,35
Maximum size of live oysters (mm),12,25,,32,56,32,35,32,,40,41,44,23,45,51
Average size of live oysters (mm),10,16.8,,30,21.5,28.8,28.333333333333332,32,,24.916666666666668,33.8,28.6875,19,28.2,40.2
Substrate Shell #7,,,,,,,,,,,,,,,
Outer side photo,,http://s3-us-west-1.amazonaws.com/digital-platform-prod-files/uploads/protocols/oyster-measurements/img/outer-substrates/d5a4b89e68fe3fc999949f8f3316e91f.JPG,,,https://s3-us-west-1.amazonaws.com/digital-platform-prod-files/uploads/protocols/oyster-measurements/img/outer-substrates/outerSidePhoto1g.jpeg,http://s3-us-west-1.amazonaws.com/digital-platform-prod-files/uploads/protocols/oyster-measurements/img/outer-substrates/79a0986c00f863c4fe0e1315d0c33f9c.jpg,http://s3-us-west-1.amazonaws.com/digital-platform-prod-files/uploads/protocols/oyster-measurements/img/outer-substrates/ccc7f737261577055391c52bed8b4885.JPG,http://s3-us-west-1.amazonaws.com/digital-platform-prod-files/uploads/protocols/oyster-measurements/img/outer-substrates/dcc82294d5c4301b2b32ddc17f0380ad.jpg,,http://s3-us-west-1.amazonaws.com/digital-platform-prod-files/uploads/protocols/oyster-measurements/img/outer-substrates/16a42d4b985184addee9abb5974109b6.JPG,http://s3-us-west-1.amazonaws.com/digital-platform-prod-files/uploads/protocols/oyster-measurements/img/outer-substrates/ed336dad4a543a6d64bc3c30365569cc.jpg,http://s3-us-west-1.amazonaws.com/digital-platform-prod-files/uploads/protocols/oyster-measurements/img/outer-substrates/af02552fc5db944e2b10a117f5497bcf.jpg,https://s3-us-west-1.amazonaws.com/digital-platform-prod-files/uploads/protocols/oyster-measurements/img/outer-substrates/outerSidePhoto5r.jpeg,http://s3-us-west-1.amazonaws.com/digital-platform-prod-files/uploads/protocols/oyster-measurements/img/outer-substrates/5aae4bc7f2124df60ef279c75d1a8255.jpg,http://s3-us-west-1.amazonaws.com/digital-platform-prod-files/uploads/protocols/oyster-measurements/img/outer-substrates/ed619cae6751a2554e4b926221cc1186.jpg
Inner side photo,,http://s3-us-west-1.amazonaws.com/digital-platform-prod-files/uploads/protocols/oyster-measurements/img/inner-substrates982cf8e9eafee209fe6f6c79eeba8b8e.JPG,,,https://s3-us-west-1.amazonaws.com/digital-platform-prod-files/uploads/protocols/oyster-measurements/img/innerSidePhoto1g.jpeg,http://s3-us-west-1.amazonaws.com/digital-platform-prod-files/uploads/protocols/oyster-measurements/img/inner-substrates7d07d03143627cee02aa78963367533d.jpg,http://s3-us-west-1.amazonaws.com/digital-platform-prod-files/uploads/protocols/oyster-measurements/img/inner-substrates0506521cc060205065621a639d8fbced.JPG,http://s3-us-west-1.amazonaws.com/digital-platform-prod-files/uploads/protocols/oyster-measurements/img/inner-substratesa728b19477ff4abebd3f8778f2657679.jpg,,http://s3-us-west-1.amazonaws.com/digital-platform-prod-files/uploads/protocols/oyster-measurements/img/inner-substratesebadb80eeeb398762a995fcb3e9afbce.JPG,http://s3-us-west-1.amazonaws.com/digital-platform-prod-files/uploads/protocols/oyster-measurements/img/inner-substrates0006a45c59119091a6eddf1def9f0654.jpg,http://s3-us-west-1.amazonaws.com/digital-platform-prod-files/uploads/protocols/oyster-measurements/img/inner-substratesd9edf22059459e3623653ce4c477cf9c.jpg,https://s3-us-west-1.amazonaws.com/digital-platform-prod-files/uploads/protocols/oyster-measurements/img/innerSidePhoto5r.jpeg,http://s3-us-west-1.amazonaws.com/digital-platform-prod-files/uploads/protocols/oyster-measurements/img/inner-substrates210c228c80f3aea248b499ab106daa3e.jpg,http://s3-us-west-1.amazonaws.com/digital-platform-prod-files/uploads/protocols/oyster-measurements/img/inner-substrates9106c9e82c618304b0663ffed676f17d.jpg
Set date,,7/6/16,6/13/16,,8/13/16,7/14/15,7/6/16,9/21/16,,7/14/15,7/14/15,7/23/16,7/15/15,7/15/15,7/14/15
Source,,"Muscongus Bay, Maine",,,"Muscongus Bay, Maine","Muscongus Bay, Maine","Muscongus Bay, Maine","Muscongus Bay, Maine",,"Muscongus Bay, Maine","Muscongus Bay, Maine",oyster garden,"Muscongus Bay, Maine","Muscongus Bay, Maine","Muscongus Bay, Maine"
Total number of live oysters at baseline,,7,,,4,5,7,4,,4,5,,,,5
Total mass of live oysters at baseline (g),,,,,,,,,,,,,,,
Total number of live oysters on shell,8,11,0,0,4,5,7,6,0,4,4,5,11,13,5
Total mass of scrubbed substrate shell + oysters + tag (g),20,,,,,,0,,,1,,,,,
Measurements (mm),"12,9,10,10,10,11,8,10","13,20,16,14,13,18,23,11,14,23,20",,,"30,21,22,17","32,17,25,14,22","35,20,25,30,35,20,15","47,29,40,28,25,20",,"43,38,40,29","35,27,20,19","25,20,44,22,26","22,27,23,15,29,29,24,19,24,21,17","40,49,30,22,16,21,19,30,40,21,37,37,39","40,39,30,36,29"
Minimum size of live oysters (mm),8,11,,,17,14,15,20,,29,19,20,15,16,29
Maximum size of live oysters (mm),12,23,,,30,32,35,47,,43,35,44,29,49,40
Average size of live oysters (mm),10,16.8181818181818,,,22.5,22,25.714285714285715,31.5,,37.5,25.25,27.4,22.7272727272727,30.8461538461538,34.8
Substrate Shell #8,,,,,,,,,,,,,,,
Outer side photo,,http://s3-us-west-1.amazonaws.com/digital-platform-prod-files/uploads/protocols/oyster-measurements/img/outer-substrates/19dc05940ab419fe513e04e0463de58e.JPG,,,http://s3-us-west-1.amazonaws.com/digital-platform-prod-files/uploads/protocols/oyster-measurements/img/outer-substrates/295b01bc66d4f5838c6c920e5ff11ca0.JPG,http://s3-us-west-1.amazonaws.com/digital-platform-prod-files/uploads/protocols/oyster-measurements/img/outer-substrates/7ee704ec8fc0296a6c44af3e642cbadb.jpg,http://s3-us-west-1.amazonaws.com/digital-platform-prod-files/uploads/protocols/oyster-measurements/img/outer-substrates/809c1eace700f240dd7cb5cd22564786.JPG,http://s3-us-west-1.amazonaws.com/digital-platform-prod-files/uploads/protocols/oyster-measurements/img/outer-substrates/081d479ec83eb74e9d8da8711aa1118c.jpg,,http://s3-us-west-1.amazonaws.com/digital-platform-prod-files/uploads/protocols/oyster-measurements/img/outer-substrates/85f5ae60efd27e24e37b7f5087842af4.JPG,https://s3-us-west-1.amazonaws.com/digital-platform-prod-files/uploads/protocols/oyster-measurements/img/outer-substrates/outerSidePhoto2e.jpeg,http://s3-us-west-1.amazonaws.com/digital-platform-prod-files/uploads/protocols/oyster-measurements/img/outer-substrates/084ce66a8a13f71531d1f20c6b2d47c2.jpg,http://s3-us-west-1.amazonaws.com/digital-platform-prod-files/uploads/protocols/oyster-measurements/img/outer-substrates/495d70bc1d3dd09043f8eab4aa279c6f.jpg,https://s3-us-west-1.amazonaws.com/digital-platform-prod-files/uploads/protocols/oyster-measurements/img/outer-substrates/outerSidePhoto2p.jpeg,http://s3-us-west-1.amazonaws.com/digital-platform-prod-files/uploads/protocols/oyster-measurements/img/outer-substrates/ca0565167a99ddd649199c8a9b8278ed.jpg
Inner side photo,,http://s3-us-west-1.amazonaws.com/digital-platform-prod-files/uploads/protocols/oyster-measurements/img/inner-substrates48f159f19e6ac5834024937c72781376.JPG,,,http://s3-us-west-1.amazonaws.com/digital-platform-prod-files/uploads/protocols/oyster-measurements/img/inner-substrates43151a183573e1a4363601979926779b.JPG,http://s3-us-west-1.amazonaws.com/digital-platform-prod-files/uploads/protocols/oyster-measurements/img/inner-substratesa60ab353aa19626f8178c22d6a3fb0bd.jpg,http://s3-us-west-1.amazonaws.com/digital-platform-prod-files/uploads/protocols/oyster-measurements/img/inner-substrates6a0546e732d67158265b294bb1442759.JPG,http://s3-us-west-1.amazonaws.com/digital-platform-prod-files/uploads/protocols/oyster-measurements/img/inner-substratese459d2bd5b62c5e9e42166681cd3dbee.jpg,,http://s3-us-west-1.amazonaws.com/digital-platform-prod-files/uploads/protocols/oyster-measurements/img/inner-substrates8f499b9fbc0accd616b535af07f7b0cd.JPG,https://s3-us-west-1.amazonaws.com/digital-platform-prod-files/uploads/protocols/oyster-measurements/img/innerSidePhoto2e.jpeg,http://s3-us-west-1.amazonaws.com/digital-platform-prod-files/uploads/protocols/oyster-measurements/img/inner-substrates34cd6d993ca1952c1b5c75ae12fe98da.jpg,http://s3-us-west-1.amazonaws.com/digital-platform-prod-files/uploads/protocols/oyster-measurements/img/inner-substrates053a816539962dce73ae4e2f81e18d8f.jpg,https://s3-us-west-1.amazonaws.com/digital-platform-prod-files/uploads/protocols/oyster-measurements/img/innerSidePhoto2p.jpeg,http://s3-us-west-1.amazonaws.com/digital-platform-prod-files/uploads/protocols/oyster-measurements/img/inner-substratesf70c0b88db16738317fda4df7dcbf404.jpg
Set date,,7/6/16,6/13/16,,8/13/16,7/14/15,7/6/16,9/21/16,,7/14/15,7/14/15,7/23/16,7/15/15,7/15/15,7/14/15
Source,,"Muscongus Bay, Maine",,,"Muscongus Bay, Maine","Muscongus Bay, Maine","Muscongus Bay, Maine","Muscongus Bay, Maine",,"Muscongus Bay, Maine","Muscongus Bay, Maine",oyster garden,"Muscongus Bay, Maine","Muscongus Bay, Maine","Muscongus Bay, Maine"
Total number of live oysters at baseline,,15,,,1,7,15,6,,8,7,,,,7
Total mass of live oysters at baseline (g),,,,,,,,,,,,,,,
Total number of live oysters on shell,10,24,0,10,1,7,15,3,0,8,6,11,9,3,6
Total mass of scrubbed substrate shell + oysters + tag (g),20,,,,,,0,,,1,,,0,,0
Measurements (mm),"10,9,13,10,8,11,11,10,10,12","12,18,10,12,8,8,9,15,9,16,12,13,12,10,24,25,14,10,17,16,23,16,10,11",,"34,52,32,19,27,47,29,21,29,16",32,"30,34,29,26,21,11,18","35,20,40,40,30,35,25,25,20,20,25,30,25,25,30","42,38,32",,"40,34,34,46,42,40,39,35","40,45,39,30,37,42","32,32,33,30,36,18,31,39,31,16,11","32,13,21,17,18,24,33,25,32","38,9,29","52,49,37,46,50,48"
Minimum size of live oysters (mm),8,8,,16,32,11,20,32,,34,30,11,13,9,37
Maximum size of live oysters (mm),13,25,,52,32,34,40,42,,46,45,39,33,38,52
Average size of live oysters (mm),10.4,13.75,,30.6,32,24.142857142857142,28.333333333333332,37.3333333333333,,38.75,38.8333333333333,28.09090909090909,23.88888888888889,25.3333333333333,47
Substrate Shell #9,,,,,,,,,,,,,,,
Outer side photo,,http://s3-us-west-1.amazonaws.com/digital-platform-prod-files/uploads/protocols/oyster-measurements/img/outer-substrates/f2fec4ba2b99a52feb8027fe42903de3.JPG,,,http://s3-us-west-1.amazonaws.com/digital-platform-prod-files/uploads/protocols/oyster-measurements/img/outer-substrates/1f6fb7416c76524d5809c8bd4ab34a41.JPG,http://s3-us-west-1.amazonaws.com/digital-platform-prod-files/uploads/protocols/oyster-measurements/img/outer-substrates/dede5339283d954decc134715270dd5a.jpg,http://s3-us-west-1.amazonaws.com/digital-platform-prod-files/uploads/protocols/oyster-measurements/img/outer-substrates/ecda01846d5494fccee0abfc5f3c7901.JPG,http://s3-us-west-1.amazonaws.com/digital-platform-prod-files/uploads/protocols/oyster-measurements/img/outer-substrates/6034db2170e062d9dd8c8def08569092.jpg,,http://s3-us-west-1.amazonaws.com/digital-platform-prod-files/uploads/protocols/oyster-measurements/img/outer-substrates/85c264b6a0709809e03fb185fcd9e65d.JPG,http://s3-us-west-1.amazonaws.com/digital-platform-prod-files/uploads/protocols/oyster-measurements/img/outer-substrates/f1b3a2d2341caaf82e79ff519f14dd2e.jpg,http://s3-us-west-1.amazonaws.com/digital-platform-prod-files/uploads/protocols/oyster-measurements/img/outer-substrates/147991bd68f5a6b036526e34350e1435.jpg,https://s3-us-west-1.amazonaws.com/digital-platform-prod-files/uploads/protocols/oyster-measurements/img/outer-substrates/outerSidePhoto6r.jpeg,http://s3-us-west-1.amazonaws.com/digital-platform-prod-files/uploads/protocols/oyster-measurements/img/outer-substrates/536ea57900c71656e0b29a584de64f9d.jpg,http://s3-us-west-1.amazonaws.com/digital-platform-prod-files/uploads/protocols/oyster-measurements/img/outer-substrates/48244de1c7006f4feaba14fb2c5cb403.jpg
Inner side photo,,http://s3-us-west-1.amazonaws.com/digital-platform-prod-files/uploads/protocols/oyster-measurements/img/inner-substrates0bc6de7d5b8aa2c95e3128e38ac7f72a.JPG,,,http://s3-us-west-1.amazonaws.com/digital-platform-prod-files/uploads/protocols/oyster-measurements/img/inner-substrates9107a907e2725e2115860b0aca3ef3c8.JPG,http://s3-us-west-1.amazonaws.com/digital-platform-prod-files/uploads/protocols/oyster-measurements/img/inner-substrates206c070c1a4fcf43de1b20cec5b0cf6e.jpg,http://s3-us-west-1.amazonaws.com/digital-platform-prod-files/uploads/protocols/oyster-measurements/img/inner-substrateseafbb233180a834c899777e34d9aa432.JPG,http://s3-us-west-1.amazonaws.com/digital-platform-prod-files/uploads/protocols/oyster-measurements/img/inner-substrates40e0196e00bafb62260b747b85266a57.jpg,,http://s3-us-west-1.amazonaws.com/digital-platform-prod-files/uploads/protocols/oyster-measurements/img/inner-substrates89407df8cff5d03929af3ffca156cbd8.JPG,http://s3-us-west-1.amazonaws.com/digital-platform-prod-files/uploads/protocols/oyster-measurements/img/inner-substrates23f8ac2ee25ecb74b0b89a65ed3b00e6.jpg,http://s3-us-west-1.amazonaws.com/digital-platform-prod-files/uploads/protocols/oyster-measurements/img/inner-substrates38e50b9e01c51fcfb27650550a2a8303.jpg,https://s3-us-west-1.amazonaws.com/digital-platform-prod-files/uploads/protocols/oyster-measurements/img/innerSidePhoto6r.jpeg,http://s3-us-west-1.amazonaws.com/digital-platform-prod-files/uploads/protocols/oyster-measurements/img/inner-substrates058a0a8da967195634f6ba12db0cde2b.jpg,http://s3-us-west-1.amazonaws.com/digital-platform-prod-files/uploads/protocols/oyster-measurements/img/inner-substratese8c567199fbbd5cf477dcc338dddb2c3.jpg
Set date,,7/6/16,6/13/16,,8/13/16,7/14/15,7/6/16,9/21/16,,7/14/15,7/14/15,7/23/16,7/15/15,7/15/15,7/14/15
Source,,"Muscongus Bay, Maine",,,"Muscongus Bay, Maine","Muscongus Bay, Maine","Muscongus Bay, Maine","Muscongus Bay, Maine",,"Muscongus Bay, Maine","Muscongus Bay, Maine",oyster garden,"Muscongus Bay, Maine","Muscongus Bay, Maine","Muscongus Bay, Maine"
Total number of live oysters at baseline,,16,,,4,11,16,4,,12,11,,,,11
Total mass of live oysters at baseline (g),,,,,,,,,,,,,,,
Total number of live oysters on shell,8,13,0,4,4,11,16,6,0,12,13,4,9,3,10
Total mass of scrubbed substrate shell + oysters + tag (g),20,,,,,,0,,,1,,,,,
Measurements (mm),"11,13,10,10,12,10,11,9","20,25,24,35,30,25,20,18,15,15,22,30,25",,"30,27,21,35","27,21,31,23","44,33,36,41,30,29,30,29,34,24,40","30,20,55,30,35,45,30,30,35,40,35,35,25,25,25,30","44,33,45,38,36,41",,"30,30,36,20,44,36,33,32,30,40,25,20","18,37,38,30,32,37,29,31,31,40,31,39,30","40,29,24,22","22,21,27,45,32,24,15,12,25","46,27,27","37,37,38,44,53,35,38,34,42,21"
Minimum size of live oysters (mm),9,15,,21,21,24,20,33,,20,18,22,12,27,21
Maximum size of live oysters (mm),13,35,,35,31,44,55,45,,44,40,40,45,46,53
Average size of live oysters (mm),10.75,23.3846153846154,,28.25,25.5,33.63636363636363,32.8125,39.5,,31.333333333333332,32.5384615384615,28.75,24.7777777777778,33.3333333333333,37.9
Substrate Shell #10,,,,,,,,,,,,,,,
Outer side photo,,http://s3-us-west-1.amazonaws.com/digital-platform-prod-files/uploads/protocols/oyster-measurements/img/outer-substrates/4f325a44c1e038073e90284c98d42107.JPG,,,http://s3-us-west-1.amazonaws.com/digital-platform-prod-files/uploads/protocols/oyster-measurements/img/outer-substrates/109303e12e8bbc94532696dafb9127cf.JPG,http://s3-us-west-1.amazonaws.com/digital-platform-prod-files/uploads/protocols/oyster-measurements/img/outer-substrates/83a3a7d5fe8325b5d8a50891a457c72d.jpg,http://s3-us-west-1.amazonaws.com/digital-platform-prod-files/uploads/protocols/oyster-measurements/img/outer-substrates/85d30b33e3e04d583407c730a08a1bd7.JPG,https://s3-us-west-1.amazonaws.com/digital-platform-prod-files/uploads/protocols/oyster-measurements/img/innerSidePhoto1l.jpeg,,http://s3-us-west-1.amazonaws.com/digital-platform-prod-files/uploads/protocols/oyster-measurements/img/outer-substrates/6ec872b12146672bffc7b63d9f9e6252.JPG,http://s3-us-west-1.amazonaws.com/digital-platform-prod-files/uploads/protocols/oyster-measurements/img/outer-substrates/f7225b2210ce3a74d540e8b8cce4d67a.jpg,http://s3-us-west-1.amazonaws.com/digital-platform-prod-files/uploads/protocols/oyster-measurements/img/outer-substrates/1617ee83188066b2da7b2ef034052425.jpg,http://s3-us-west-1.amazonaws.com/digital-platform-prod-files/uploads/protocols/oyster-measurements/img/outer-substrates/cadea9ec2014ff7769984133e1d95f46.jpg,http://s3-us-west-1.amazonaws.com/digital-platform-prod-files/uploads/protocols/oyster-measurements/img/outer-substrates/deb357412bde7b2db9f98f626334c1d9.jpg,http://s3-us-west-1.amazonaws.com/digital-platform-prod-files/uploads/protocols/oyster-measurements/img/outer-substrates/25d72d20351372e185ba2d5adb7c55c9.jpg
Inner side photo,,http://s3-us-west-1.amazonaws.com/digital-platform-prod-files/uploads/protocols/oyster-measurements/img/inner-substrates88bc5c11843663ca0882b77e6f15a2de.JPG,,,http://s3-us-west-1.amazonaws.com/digital-platform-prod-files/uploads/protocols/oyster-measurements/img/inner-substrates36043f84756a4d492768e44fa7460f55.JPG,http://s3-us-west-1.amazonaws.com/digital-platform-prod-files/uploads/protocols/oyster-measurements/img/inner-substrates96d3f3a6c66b27ddbb2b620d47c0ab94.jpg,http://s3-us-west-1.amazonaws.com/digital-platform-prod-files/uploads/protocols/oyster-measurements/img/inner-substrates35c61469cface31a7e777c34df7b04f8.JPG,http://s3-us-west-1.amazonaws.com/digital-platform-prod-files/uploads/protocols/oyster-measurements/img/inner-substrates874708df28131fc7ba40dbc8fa2250d6.jpg,,http://s3-us-west-1.amazonaws.com/digital-platform-prod-files/uploads/protocols/oyster-measurements/img/inner-substrates381ae4b88fb1a1550d8c2cb353f267b4.JPG,http://s3-us-west-1.amazonaws.com/digital-platform-prod-files/uploads/protocols/oyster-measurements/img/inner-substrates953c69b0fbf49c846c40feab1ef294be.jpg,http://s3-us-west-1.amazonaws.com/digital-platform-prod-files/uploads/protocols/oyster-measurements/img/inner-substrates761d207326c45916270b892c2afa55f3.jpg,http://s3-us-west-1.amazonaws.com/digital-platform-prod-files/uploads/protocols/oyster-measurements/img/inner-substrates98655ee596e330618a2c165270b1b34c.jpg,http://s3-us-west-1.amazonaws.com/digital-platform-prod-files/uploads/protocols/oyster-measurements/img/inner-substrates09bf6c8e636634c6cb80d296b4f36f85.jpg,http://s3-us-west-1.amazonaws.com/digital-platform-prod-files/uploads/protocols/oyster-measurements/img/inner-substrates7be0fe614a85bf848c709426ca2b7b13.jpg
Set date,,7/6/16,6/13/16,,8/13/16,7/14/15,7/6/16,9/21/16,,7/14/15,7/14/15,7/24/16,7/15/15,7/15/15,7/14/15
Source,,"Muscongus Bay, Maine",,,"Muscongus Bay, Maine","Muscongus Bay, Maine","Muscongus Bay, Maine","Muscongus Bay, Maine",,"Muscongus Bay, Maine","Muscongus Bay, Maine",oyster garden,"Muscongus Bay, Maine","Muscongus Bay, Maine","Muscongus Bay, Maine"
Total number of live oysters at baseline,,5,,,2,4,5,3,,4,4,,,,4
Total mass of live oysters at baseline (g),,,,,,,,,,,,,,,
Total number of live oysters on shell,8,6,0,8,2,4,5,4,0,4,3,5,17,9,4
Total mass of scrubbed substrate shell + oysters + tag (g),20,,,,,,0,,,1,,,0,,0
Measurements (mm),"12,10,8,12,7,9,9,5","23,10,30,42,14,21",,"15,21,11,30,41,12,13,11","14,11","32,31,32,31","35,55,35,25,30","35,42,30,33",,"28,20,34,26","39,36,32","29,27,34,24,34","29,28,29,18,20,26,29,22,30,19,30,34,27,40,29,17,21","38,19,25,15,49,36,28,14,28","37,43,45,31"
Minimum size of live oysters (mm),5,10,,11,11,31,25,30,,20,32,24,17,14,31
Maximum size of live oysters (mm),12,42,,41,14,32,55,42,,34,39,34,40,49,45
Average size of live oysters (mm),9,23.3333333333333,,19.25,12.5,31.5,36,35,,27,35.6666666666667,29.6,26.352941176470587,28,39
Minimum size of all live oysters (mm),5,8,7,11,7,11,3,12,2,11,18,10,11,5,21
Maximum size of all live oysters (mm),14,42,38,52,56,46,55,63,60,51,45,44,45,49,53
Average size of all live oysters (mm),9.83529411764706,19.3981481481481,19.805555555555557,23.4,23.1219512195122,29.53191489361702,29.606741573033702,34.2363636363636,24.71698113207546,32.463414634146346,32.0652173913044,27.554054054054053,25.29411764705883,27.5882352941176,38.13636363636363
Total number of all live oysters,85,108,36,65,41,47,89,55,53,82,46,74,102,51,44
Water Quality Sample #1,,,,,,,,,,,,,,,
Depth (m),0,0.3,0,1,0,0.12,2,0,3,0,0.12,1,1,0,2.048
Location (coordinates),"40.8619352, -73.9207886","40.730088145502236, -73.96167755126953","40.693524619555234, -74.00180339813232","40.79140240694607, -73.93528461456297","40.703963, -74.017852","41.07378678319673, -73.86898040771484","40.730088145502236, -73.96167755126953","40.72823633929698, -74.01205480098724","40.6709135, -74.0133476","40.72154224370965, -74.01336908340454","41.0742933, -73.86566520000001","40.75939114736415, -73.95758718252182","41.094068568155556, -73.87116909027098","40.76420600866383, -74.00175511837006","41.07391619241318, -73.86932373046875"
Water Temperature,,,,,,,,,,,,,,,
Method,Analog thermometer,Analog thermometer,Analog thermometer,Analog thermometer,Analog thermometer,Digital thermometer,Digital thermometer,Digital thermometer,Digital thermometer,Digital thermometer,Digital thermometer,Digital thermometer,Digital thermometer,Digital thermometer,Analog thermometer
Unit,C,C,C,F,C,F,F,C,F,C,C,C,C,F,C
Results,"7.5,7.5,7.5","17,17,17","13,13","64,64","20,19,20","81,80,82","70,71,70","26.2,25.9,26.1","76.4,77","25.5,25.4,25.4","26,26,26","24.3,24,24.2","22,21,20","25.5,24.9,25","30,30,30"
Average,7.5,17,13,64,19.666666666666668,81,70.33,26.066666666666663,76.7,25.433333333333334,26,24.166666666666668,21,25.133333333333336,30
Dissolved Oxygen,,,,,,,,,,,,,,,
Method,Colormetric ampules,Colormetric ampules,Colormetric ampules,Colormetric ampules,Colormetric ampules,Colormetric ampules,Colormetric ampules,Colormetric ampules,Sensor,Colormetric ampules,Colormetric ampules,Colormetric ampules,Colormetric ampules,Colormetric ampules,Colormetric ampules
Unit,mg/L (ppm),mg/L (ppm),mg/L (ppm),mg/L (ppm),mg/L (ppm),mg/L (ppm),mg/L (ppm),mg/L (ppm),mg/L (ppm),mg/L (ppm),mg/L (ppm),mg/L (ppm),mg/L (ppm),mg/L (ppm),mg/L (ppm)
Results,"6,6,6","5.5,5.5,5.5","8,6,8","6,6","5,6,6","5,6,6","4,4,4","9,9,9","9,9","7,6,7","6,5,6","8,8,8","4.5,4.5,4.5","5,5,5","5,5,5"
Average,6,5.5,7.333333333333333,6,5.666666666666667,5.666666666666667,4,9,9,6.666666666666667,5.666666666666667,8,4.5,5,5
Salinity,,,,,,,,,,,,,,,
Method,Refractometer,Hydrometer,Hydrometer,Hydrometer,Hydrometer,Hydrometer,Hydrometer,Refractometer,Refractometer,Refractometer,Hydrometer,Refractometer,Hydrometer,Refractometer,Hydrometer
Unit,PPT,PPT,PPT,PPT,PPT,PPT,PPT,PPT,PPT,PPT,PPT,PPT,PPT,PPT,PPT
Results,"25,25,25","27,27,25.5","28,26,24","26,26","27,25,25","17,16,16","10,10,7","20,18,18","40,40","21,21,21","13,18.5,16","25,25,25","16,16,16","23,22,22","13,13,14"
Average,25,26.5,26,26,25.666666666666668,16.333333333333332,9,18.666666666666668,40,21,15.833333333333334,25,16,22.333333333333332,13.33
pH,,,,,,,,,,,,,,,
Method,Test strips,Sensor,Test strips,Sensor (read only),Sensor (read only),Sensor (read only),Sensor (read only),Sensor (read only),Test strips,Sensor (read only),Sensor (read only),Sensor,Sensor (read only),Sensor (read only),Test strips
Unit,pH (logscale),pH (logscale),pH (logscale),pH (logscale),pH (logscale),pH (logscale),pH (logscale),pH (logscale),pH (logscale),pH (logscale),pH (logscale),pH (logscale),pH (logscale),pH (logscale),pH (logscale)
Results,"7.37,7.37,7.37","7.7,7.7,7.7","6.8,6.2,6.2","7.5,7.5","7.4,7.2,7.2","7.9,7.8,7.8","7.5,7.4,7.4","7.6,7.59,7.6","17.6,17.6","7.4,7.38,7.37","8,8,7.9","7.64,7.63,7.64","7.4,5.4,5.3","7.44,7.42,7.4","6,6,6"
Average,7.37,7.7,6.3999999999999995,7.5,7.266666666666667,7.833333333333333,7.43,7.596666666666667,17.6,7.383333333333334,7.966666666666666,7.636666666666667,6.03,7.419999999999999,6
Turbidity,,,,,,,,,,,,,,,
Method,Turbidity tube,Turbidity tube,Turbidity tube,Turbidity tube,,Turbidity tube,Turbidity tube,Turbidity tube,Turbidity tube,Turbidity tube,Turbidity tube,,Turbidity tube,Turbidity tube,Turbidity tube
Unit,cm,cm,cm,cm,,cm,cm,cm,cm,cm,cm,,cm,cm,cm
Results,"12.2,12.2,12.2","142,157,144","59,60","41,41",,"64.4,64.8,65.2","107,100,97","80,85,84","0,0","65,58,67","64.4,64.9,62.2",,"28,18,18","69,66,68","71,63,61"
Average,12.2,147.66666666666666,59.5,41,,64.8,101.33,83,0,63.333333333333336,63.833333333333336,,21.33,67.66666666666667,65
Ammonia,,,,,,,,,,,,,,,
Method,Test strips,,Test strips,,,Test strips,Test strips,,Test strips,,Test strips,Test strips,Test strips,,Test strips
Unit,ppm,,ppm,,,ppm,ppm,,ppm,,ppm,ppm,ppm,,ppm
Results,"0.25,0.25,0.25",,"0.5,0.5",,,"0.25,0.25,0.25",",,",,"0.25,0.25",,"0.5,0.5,0.5",6,"6,6,6",,"0.5,0.5,0.5"
Average,0.25,,0.5,,,0.25,0,,0.25,,0.5,6,6,,0.5
Nitrates,,,,,,,,,,,,,,,
Method,Test strips,,Test strips,Test strips,,Test strips,,,,,Test strips,,Test strips,,Test strips
Unit,ppm,,ppm,ppm,,ppm,,,,,ppm,,ppm,,ppm
Results,,,"0.5,0.5","20,20",,"0.5,0.5,0.5",,,,,"0.5,0.5,0.5",,"0.5,0.5,0.5",,"0.05,0.05,0.05"
Average,0,,0.5,20,,0.5,,,,,0.5,,0.5,,0.05
Other,,,,,,,,,,,,,,,
Label,,,,phosphate,,Phosphate,,,,,Phosphate,,Phosphates,,Ammonia
Method,,,,strips,,Colormetric ampules,,,,,Colormetric Ampules,,Chem kit,,easy strips
Unit,,,,ppm,,PPM,,,,,PPM,,"pp,",,ppm
Results,,,,"10,10",,"1,1,1",,,,,"1,1,1",,"2,2,2",,"0.5,0.5,0.5"
Average,,,,10,,1,,,,,1,,2,,0.5